OBJECTID,Geography ID,Geography Type,Name,perc_safe_play_places,safe_play_Lower 95% Confidence Limit,safe_play_Upper 95% Confidence Limit,safe_play_Relative Standard Error,safe_play_Estimation Method,safe_play_Shape__Area,safe_play_Shape__Length,le_at_birth,le_Lower 95% Confidence Limit,le_Upper 95% Confidence Limit,le_Relative Standard Error,le_Shape__Area,le_Shape__Length,"crime_Serious Violent Crimes (per 100,000 Population), 2022","crime_Lower 95% Confidence Limit, 2022","crime_Upper 95% Confidence Limit, 2022","crime_Relative Standard Error, 2022",crime,"crime_Lower 95% Confidence Limit, 2018-2022","crime_Upper 95% Confidence Limit, 2018-2022","crime_Relative Standard Error, 2018-2022",crime_Shape__Area,crime_Shape__Length,median_income,income_Lower 95% Confidence Limit,income_Upper 95% Confidence Limit,income_Relative Standard Error,income_Shape__Area,income_Shape__Length,safe_play_deviation,le_deviation,income_deviation,crime_deviation
1,csa_city_agoura_hills,Incorporated City,City of Agoura Hills,,,,,,217931682.6,80376.21069,,,,,217931682.6,80376.21069,,,,,,,,,217931682.6,80376.21069,,,,,217931682.6,80376.21069,,,,
2,csa_city_alhambra,Incorporated City,City of Alhambra,92.2,89.9,94.4,1.2,small area estimate,212764011.3,69016.50152,84.2,83.1,85.3,0.7,212764011.3,69016.50152,,,,,206.0,175.1,236.8,7.6,212764011.3,69016.50152,80234.0,75903.0,84565.0,2.8,212764011.3,69016.50152,5.3421052631579045,3.4666666666666686,-11633.697368421053,-133.9657894736842
3,csa_city_arcadia,Incorporated City,City of Arcadia,93.4,91.5,95.3,1.1,small area estimate,309696288.9,132149.4016,84.0,83.0,85.0,0.6,309696288.9,132149.4016,,,,,179.9,145.0,214.8,9.9,309696288.9,132149.4016,108214.0,101699.0,114729.0,3.1,309696288.9,132149.4016,6.542105263157907,3.2666666666666657,16346.302631578947,-160.0657894736842
4,csa_city_artesia,Incorporated City,City of Artesia,,,,,,45210326.13,40904.97066,,,,,45210326.13,40904.97066,,,,,,,,,45210326.13,40904.97066,,,,,45210326.13,40904.97066,,,,
5,csa_city_azusa,Incorporated City,City of Azusa,83.5,79.8,87.3,2.3,small area estimate,269205013.0,158881.6016,80.5,78.8,82.3,1.1,269205013.0,158881.6016,,,,,318.1,268.8,367.4,7.9,269205013.0,158881.6016,81516.0,75615.0,87417.0,3.7,269205013.0,158881.6016,-3.3578947368420984,-0.23333333333333428,-10351.697368421053,-21.865789473684174
6,csa_city_baldwin_park,Incorporated City,City of Baldwin Park,84.4,81.3,87.6,1.9,small area estimate,188966247.6,87241.43274,79.3,78.1,80.5,0.8,188966247.6,87241.43274,,,,,333.6,291.4,375.8,6.4,188966247.6,87241.43274,76002.0,71316.0,80688.0,3.1,188966247.6,87241.43274,-2.4578947368420927,-1.4333333333333371,-15865.697368421053,-6.365789473684174
7,csa_city_bell,Incorporated City,City of Bell,77.9,72.6,83.2,3.4,small area estimate,72979028.15,65552.38876,79.0,76.6,81.3,1.5,72979028.15,65552.38876,,,,,563.4,482.9,643.8,7.3,72979028.15,65552.38876,56685.0,52385.0,60985.0,3.9,72979028.15,65552.38876,-8.957894736842093,-1.7333333333333343,-35182.69736842105,223.43421052631578
8,csa_city_bell_gardens,Incorporated City,City of Bell Gardens,77.8,72.5,83.0,3.4,small area estimate,68721941.47,38937.42079,79.9,77.8,82.0,1.4,68721941.47,38937.42079,,,,,354.5,295.7,413.3,8.5,68721941.47,38937.42079,53935.0,49355.0,58515.0,4.3,68721941.47,38937.42079,-9.057894736842101,-0.8333333333333286,-37932.69736842105,14.534210526315803
9,csa_city_bellflower,Incorporated City,City of Bellflower,89.8,87.3,92.3,1.4,small area estimate,172370845.9,59306.64522,79.5,78.2,80.8,0.8,172370845.9,59306.64522,,,,,415.7,370.7,460.6,5.5,172370845.9,59306.64522,75379.0,71243.0,79515.0,2.8,172370845.9,59306.64522,2.9421052631578988,-1.2333333333333343,-16488.697368421053,75.73421052631579
10,csa_city_beverly_hills,Incorporated City,City of Beverly Hills,91.5,88.6,94.5,1.7,small area estimate,159282318.8,86925.77458,84.6,83.1,86.0,0.9,159282318.8,86925.77458,,,,,374.5,308.2,440.8,9.0,159282318.8,86925.77458,116771.0,103698.0,129844.0,5.7,159282318.8,86925.77458,4.642105263157902,3.86666666666666,24903.302631578947,34.5342105263158
11,csa_city_burbank,Incorporated City,City of Burbank,89.9,87.6,92.3,1.3,small area estimate,483502845.6,102151.3967,81.0,80.2,81.8,0.5,483502845.6,102151.3967,,,,,211.0,183.6,238.5,6.6,483502845.6,102151.3967,91455.0,85918.0,96992.0,3.1,483502845.6,102151.3967,3.0421052631579073,0.2666666666666657,-412.6973684210534,-128.9657894736842
12,csa_city_calabasas,Incorporated City,City of Calabasas,92.8,90.3,95.3,1.4,small area estimate,383613659.7,149118.5929,84.2,82.2,86.2,1.2,383613659.7,149118.5929,,,,,121.3,76.5,166.1,18.8,383613659.7,149118.5929,154079.0,137341.0,170817.0,5.5,383613659.7,149118.5929,5.942105263157899,3.4666666666666686,62211.30263157895,-218.66578947368419
13,csa_city_carson,Incorporated City,City of Carson,86.1,82.5,89.8,2.2,small area estimate,528030737.8,127677.5113,80.2,79.2,81.2,0.6,528030737.8,127677.5113,,,,,366.0,327.6,404.3,5.3,528030737.8,127677.5113,103045.0,97671.0,108419.0,2.7,528030737.8,127677.5113,-0.7578947368421041,-0.5333333333333314,11177.302631578947,26.034210526315803
14,csa_city_cerritos,Incorporated City,City of Cerritos,96.6,95.3,97.9,0.7,small area estimate,246787948.4,119808.8683,82.8,81.4,84.1,0.8,246787948.4,119808.8683,,,,,253.2,209.0,297.5,8.9,246787948.4,119808.8683,124460.0,119272.0,129648.0,2.1,246787948.4,119808.8683,9.742105263157896,2.066666666666663,32592.302631578947,-86.76578947368421
15,csa_city_claremont,Incorporated City,City of Claremont,92.2,90.3,94.2,1.1,small area estimate,375456745.8,150112.2043,81.7,80.4,82.9,0.8,375456745.8,150112.2043,,,,,178.0,135.2,220.9,12.3,375456745.8,150112.2043,115091.0,104620.0,125562.0,4.6,375456745.8,150112.2043,5.3421052631579045,0.9666666666666686,23223.302631578947,-161.9657894736842
16,csa_city_commerce,Incorporated City,City of Commerce,,,,,,182719725.1,93390.81229,,,,,182719725.1,93390.81229,,,,,,,,,182719725.1,93390.81229,,,,,182719725.1,93390.81229,,,,
17,csa_city_compton,Incorporated City,City of Compton,63.2,57.8,68.6,4.4,small area estimate,281590253.8,178008.1025,75.2,74.2,76.2,0.7,281590253.8,178008.1025,,,,,1097.5,1031.1,1163.8,3.1,281590253.8,178008.1025,69728.0,65633.0,73823.0,3.0,281590253.8,178008.1025,-23.657894736842096,-5.533333333333331,-22139.697368421053,757.5342105263157
18,csa_city_covina,Incorporated City,City of Covina,87.3,84.6,90.0,1.6,small area estimate,196344691.9,186251.1347,79.3,77.9,80.7,0.9,196344691.9,186251.1347,,,,,339.6,289.1,390.0,7.6,196344691.9,186251.1347,89650.0,84156.0,95144.0,3.1,196344691.9,186251.1347,0.4421052631578988,-1.4333333333333371,-2217.6973684210534,-0.365789473684174
19,csa_city_cudahy,Incorporated City,City of Cudahy,77.8,72.6,83.1,3.4,small area estimate,34266752.81,33729.83524,,,,,34266752.81,33729.83524,,,,,380.6,300.6,460.6,10.7,34266752.81,33729.83524,49596.0,43528.0,55664.0,6.2,34266752.81,33729.83524,-9.057894736842101,,-42271.69736842105,40.634210526315826
20,csa_city_culver_city,Incorporated City,City of Culver City,89.9,86.8,93.1,1.8,small area estimate,143147615.0,116908.9706,84.0,82.6,85.4,0.8,143147615.0,116908.9706,,,,,545.0,473.3,616.6,6.7,143147615.0,116908.9706,114429.0,103053.0,125805.0,5.1,143147615.0,116908.9706,3.0421052631579073,3.2666666666666657,22561.302631578947,205.0342105263158
21,csa_city_downey,Incorporated City,City of Downey,91.8,89.8,93.9,1.1,small area estimate,350371541.5,90498.33661,80.1,79.2,81.1,0.6,350371541.5,90498.33661,,,,,331.0,297.6,364.4,5.1,350371541.5,90498.33661,84236.0,80312.0,88160.0,2.4,350371541.5,90498.33661,4.942105263157899,-0.63333333333334,-7631.697368421053,-8.965789473684197
22,csa_city_duarte,Incorporated City,City of Duarte,83.6,79.9,87.3,2.2,small area estimate,186485252.1,111724.0166,82.0,80.1,84.0,1.2,186485252.1,111724.0166,,,,,258.9,191.3,326.4,13.3,186485252.1,111724.0166,93908.0,84082.0,103734.0,5.3,186485252.1,111724.0166,-3.257894736842104,1.2666666666666657,2040.3026315789466,-81.06578947368422
23,csa_city_el_monte,Incorporated City,City of El Monte,83.1,79.1,87.1,2.5,small area estimate,268040254.8,106711.5494,79.7,78.8,80.7,0.6,268040254.8,106711.5494,,,,,321.9,288.2,355.6,5.3,268040254.8,106711.5494,59929.0,57025.0,62833.0,2.5,268040254.8,106711.5494,-3.757894736842104,-1.0333333333333314,-31938.697368421053,-18.06578947368422
24,csa_city_el_segundo,Incorporated City,City of El Segundo,,,,,,151854294.4,58347.6117,,,,,151854294.4,58347.6117,,,,,,,,,151854294.4,58347.6117,,,,,151854294.4,58347.6117,,,,
25,csa_city_gardena,Incorporated City,City of Gardena,85.8,82.3,89.4,2.1,small area estimate,163264681.8,65932.3951,79.9,78.4,81.4,0.9,163264681.8,65932.3951,,,,,533.6,475.6,591.5,5.5,163264681.8,65932.3951,75443.0,71357.0,79529.0,2.8,163264681.8,65932.3951,-1.0578947368421012,-0.8333333333333286,-16424.697368421053,193.63421052631583
26,csa_city_glendale,Incorporated City,City of Glendale,89.7,86.3,93.1,2.0,small area estimate,853230755.4,190271.3439,82.4,81.8,83.1,0.4,853230755.4,190271.3439,,,,,116.1,101.0,131.1,6.6,853230755.4,190271.3439,81219.0,78707.0,83731.0,1.6,853230755.4,190271.3439,2.8421052631579045,1.6666666666666714,-10648.697368421053,-223.8657894736842
27,csa_city_glendora,Incorporated City,City of Glendora,90.7,88.7,92.8,1.2,small area estimate,547642777.5,165505.6707,79.0,77.6,80.3,0.9,547642777.5,165505.6707,,,,,240.9,198.9,282.9,8.9,547642777.5,165505.6707,106718.0,97358.0,116078.0,4.5,547642777.5,165505.6707,3.8421052631579045,-1.7333333333333343,14850.302631578947,-99.06578947368419
28,csa_city_hawaiian_gardens,Incorporated City,City of Hawaiian Gardens,,,,,,26648816.54,25783.87946,,,,,26648816.54,25783.87946,,,,,,,,,26648816.54,25783.87946,,,,,26648816.54,25783.87946,,,,
29,csa_city_hawthorne,Incorporated City,City of Hawthorne,83.7,80.0,87.4,2.2,small area estimate,169585593.3,110192.6646,81.3,79.8,82.8,1.0,169585593.3,110192.6646,,,,,761.0,703.4,818.5,3.9,169585593.3,110192.6646,72298.0,68704.0,75892.0,2.5,169585593.3,110192.6646,-3.1578947368420955,0.5666666666666629,-19569.697368421053,421.0342105263158
30,csa_city_hermosa_beach,Incorporated City,City of Hermosa Beach,,,,,,41501765.15,29339.61935,,,,,41501765.15,29339.61935,,,,,,,,,41501765.15,29339.61935,,,,,41501765.15,29339.61935,,,,
31,csa_city_hidden_hills,Incorporated City,City of Hidden Hills,,,,,,47048725.83,42751.65466,,,,,47048725.83,42751.65466,,,,,,,,,47048725.83,42751.65466,,,,,47048725.83,42751.65466,,,,
32,csa_city_huntington_park,Incorporated City,City of Huntington Park,81.8,77.7,86.0,2.6,small area estimate,84042752.62,66385.78532,79.8,78.2,81.3,1.0,84042752.62,66385.78532,,,,,776.3,702.6,850.0,4.8,84042752.62,66385.78532,54073.0,49756.0,58390.0,4.1,84042752.62,66385.78532,-5.057894736842101,-0.9333333333333371,-37794.69736842105,436.33421052631576
33,csa_city_industry,Incorporated City,City of Industry,,,,,,335602039.2,366510.3984,,,,,335602039.2,366510.3984,,,,,,,,,335602039.2,366510.3984,,,,,335602039.2,366510.3984,,,,
34,csa_city_inglewood,Incorporated City,City of Inglewood,76.1,70.7,81.5,3.6,small area estimate,253622393.7,90355.39423,78.5,77.5,79.5,0.6,253622393.7,90355.39423,,,,,634.8,587.3,682.3,3.8,253622393.7,90355.39423,67563.0,64431.0,70695.0,2.4,253622393.7,90355.39423,-10.757894736842104,-2.2333333333333343,-24304.697368421053,294.83421052631576
35,csa_city_irwindale,Incorporated City,City of Irwindale,,,,,,268552437.9,131459.7428,,,,,268552437.9,131459.7428,,,,,,,,,268552437.9,131459.7428,,,,,268552437.9,131459.7428,,,,
36,csa_city_la_canada_flintridge,Incorporated City,City of La Canada Flintridge,,,,,,241080484.8,92225.34708,,,,,241080484.8,92225.34708,,,,,,,,,241080484.8,92225.34708,,,,,241080484.8,92225.34708,,,,
37,csa_city_la_habra_heights,Incorporated City,City of La Habra Heights,,,,,,171717013.6,69877.14729,,,,,171717013.6,69877.14729,,,,,,,,,171717013.6,69877.14729,,,,,171717013.6,69877.14729,,,,
38,csa_city_la_mirada,Incorporated City,City of La Mirada,97.0,95.8,98.2,0.6,small area estimate,218800624.4,79833.82961,81.9,80.6,83.1,0.8,218800624.4,79833.82961,,,,,175.3,137.8,212.7,10.9,218800624.4,79833.82961,104130.0,96789.0,111471.0,3.6,218800624.4,79833.82961,10.142105263157902,1.1666666666666714,12262.302631578947,-164.66578947368419
39,csa_city_la_puente,Incorporated City,City of La Puente,81.2,77.2,85.3,2.6,small area estimate,96842502.29,86971.35744,80.3,78.6,82.1,1.1,96842502.29,86971.35744,,,,,270.1,217.8,322.3,9.9,96842502.29,86971.35744,77702.0,70390.0,85014.0,4.8,96842502.29,86971.35744,-5.6578947368420955,-0.4333333333333371,-14165.697368421053,-69.86578947368417
40,csa_city_la_verne,Incorporated City,City of La Verne,90.0,87.6,92.3,1.3,small area estimate,237606827.3,115480.5915,80.0,78.3,81.6,1.0,237606827.3,115480.5915,,,,,182.1,134.8,229.4,13.2,237606827.3,115480.5915,103816.0,95399.0,112233.0,4.1,237606827.3,115480.5915,3.1421052631579016,-0.7333333333333343,11948.302631578947,-157.8657894736842
41,csa_city_lakewood,Incorporated City,City of Lakewood,95.0,93.5,96.6,0.8,small area estimate,263528890.2,124207.3317,80.6,79.5,81.6,0.7,263528890.2,124207.3317,,,,,261.5,226.6,296.5,6.8,263528890.2,124207.3317,113030.0,109724.0,116336.0,1.5,263528890.2,124207.3317,8.142105263157902,-0.13333333333333997,21162.302631578947,-78.4657894736842
42,csa_city_lancaster,Incorporated City,City of Lancaster,83.4,79.1,87.7,2.6,small area estimate,2635029512.0,678436.6649,74.7,73.9,75.5,0.5,2635029512.0,678436.6649,,,,,604.5,567.9,641.1,3.1,2635029512.0,678436.6649,71367.0,68342.0,74392.0,2.2,2635029512.0,678436.6649,-3.4578947368420927,-6.033333333333331,-20500.697368421053,264.5342105263158
43,csa_city_lawndale,Incorporated City,City of Lawndale,86.3,82.4,90.2,2.3,small area estimate,54863707.07,36899.73042,81.2,79.3,83.2,1.2,54863707.07,36899.73042,,,,,313.2,251.5,374.9,10.1,54863707.07,36899.73042,76213.0,70757.0,81669.0,3.7,54863707.07,36899.73042,-0.5578947368421012,0.46666666666666856,-15654.697368421053,-26.765789473684208
44,csa_city_lomita,Incorporated City,City of Lomita,89.4,86.2,92.7,1.9,small area estimate,53484538.83,44939.42361,78.7,76.6,80.8,1.3,53484538.83,44939.42361,,,,,294.2,220.6,367.8,12.8,53484538.83,44939.42361,87717.0,77589.0,97845.0,5.9,53484538.83,44939.42361,2.5421052631579073,-2.0333333333333314,-4150.697368421053,-45.76578947368421
45,csa_city_long_beach,Incorporated City,City of Long Beach,,,,,,1443459670.0,554574.2116,,,,,1443459670.0,554574.2116,,,,,,,,,1443459670.0,554574.2116,,,,,1443459670.0,554574.2116,,,,
46,csa_city_lynwood,Incorporated City,City of Lynwood,67.3,61.7,72.8,4.2,small area estimate,135007235.5,72152.78279,77.4,75.9,78.8,1.0,135007235.5,72152.78279,,,,,651.4,590.4,712.3,4.8,135007235.5,72152.78279,67350.0,62299.0,72401.0,3.8,135007235.5,72152.78279,-19.5578947368421,-3.3333333333333286,-24517.697368421053,311.4342105263158
47,csa_city_manhattan_beach,Incorporated City,City of Manhattan Beach,96.1,94.3,97.9,0.9,small area estimate,110933646.9,48539.77154,85.2,83.7,86.6,0.9,110933646.9,48539.77154,,,,,154.2,113.4,195.0,13.5,110933646.9,48539.77154,187217.0,170117.0,204317.0,4.7,110933646.9,48539.77154,9.242105263157896,4.466666666666669,95349.30263157895,-185.7657894736842
48,csa_city_maywood,Incorporated City,City of Maywood,85.0,80.7,89.3,2.6,small area estimate,32839986.21,30088.77028,79.7,77.8,81.7,1.3,32839986.21,30088.77028,,,,,314.8,245.4,384.3,11.3,32839986.21,30088.77028,57615.0,49257.0,65973.0,7.4,32839986.21,30088.77028,-1.8578947368420984,-1.0333333333333314,-34252.69736842105,-25.165789473684185
49,csa_city_montebello,Incorporated City,City of Montebello,88.5,85.4,91.6,1.8,small area estimate,233323960.4,99397.63908,79.8,78.5,81.2,0.9,233323960.4,99397.63908,,,,,346.2,300.2,392.2,6.8,233323960.4,99397.63908,72317.0,67475.0,77159.0,3.4,233323960.4,99397.63908,1.6421052631579016,-0.9333333333333371,-19550.697368421053,6.234210526315792
50,csa_city_monterey_park,Incorporated City,City of Monterey Park,93.2,90.8,95.6,1.3,small area estimate,215688665.2,79691.16795,83.6,82.4,84.8,0.7,215688665.2,79691.16795,,,,,205.1,169.2,241.0,8.9,215688665.2,79691.16795,76892.0,70643.0,83141.0,4.1,215688665.2,79691.16795,6.3421052631579045,2.86666666666666,-14975.697368421053,-134.8657894736842
51,csa_city_norwalk,Incorporated City,City of Norwalk,91.6,89.3,93.8,1.2,small area estimate,272018552.8,91643.10103,79.4,78.4,80.4,0.6,272018552.8,91643.10103,,,,,301.8,268.2,335.4,5.7,272018552.8,91643.10103,91259.0,87368.0,95150.0,2.2,272018552.8,91643.10103,4.742105263157896,-1.3333333333333286,-608.6973684210534,-38.165789473684185
52,csa_city_palmdale,Incorporated City,City of Palmdale,74.4,69.7,79.1,3.2,small area estimate,2962799243.0,682806.0602,77.5,76.7,78.3,0.5,2962799243.0,682806.0602,,,,,359.2,330.6,387.7,4.1,2962799243.0,682806.0602,78414.0,75520.0,81308.0,1.9,2962799243.0,682806.0602,-12.457894736842093,-3.2333333333333343,-13453.697368421053,19.234210526315792
53,csa_city_paramount,Incorporated City,City of Paramount,71.1,64.6,77.6,4.7,small area estimate,134398499.3,67994.94596,79.0,77.6,80.5,0.9,134398499.3,67994.94596,,,,,436.0,380.2,491.8,6.5,134398499.3,67994.94596,67197.0,61358.0,73036.0,4.4,134398499.3,67994.94596,-15.757894736842104,-1.7333333333333343,-24670.697368421053,96.0342105263158
54,csa_city_pasadena,Incorporated City,City of Pasadena,,,,,,644879965.9,282711.3609,,,,,644879965.9,282711.3609,,,,,,,,,644879965.9,282711.3609,,,,,644879965.9,282711.3609,,,,
55,csa_city_pico_rivera,Incorporated City,City of Pico Rivera,92.2,90.1,94.4,1.2,small area estimate,248180730.5,95367.70098,79.6,78.4,80.8,0.8,248180730.5,95367.70098,,,,,304.3,260.9,347.7,7.3,248180730.5,95367.70098,82539.0,76624.0,88454.0,3.7,248180730.5,95367.70098,5.3421052631579045,-1.13333333333334,-9328.697368421053,-35.665789473684185
56,csa_city_redondo_beach,Incorporated City,City of Redondo Beach,95.2,93.4,96.9,0.9,small area estimate,173842324.0,103678.6835,83.7,82.5,84.9,0.7,173842324.0,103678.6835,,,,,290.0,250.5,329.4,6.9,173842324.0,103678.6835,134033.0,126386.0,141680.0,2.9,173842324.0,103678.6835,8.342105263157904,2.9666666666666686,42165.30263157895,-49.9657894736842
57,csa_city_rosemead,Incorporated City,City of Rosemead,93.9,91.5,96.2,1.3,small area estimate,144217751.4,94495.08684,81.3,80.0,82.7,0.8,144217751.4,94495.08684,,,,,335.5,285.3,385.7,7.6,144217751.4,94495.08684,70073.0,63638.0,76508.0,4.7,144217751.4,94495.08684,7.042105263157907,0.5666666666666629,-21794.697368421053,-4.465789473684197
58,csa_city_san_dimas,Incorporated City,City of San Dimas,88.2,84.7,91.7,2.0,small area estimate,429685883.3,170632.3704,79.5,78.0,81.0,1.0,429685883.3,170632.3704,,,,,189.6,143.9,235.3,12.3,429685883.3,170632.3704,102241.0,84042.0,120440.0,9.1,429685883.3,170632.3704,1.3421052631579045,-1.2333333333333343,10373.302631578947,-150.3657894736842
59,csa_city_san_fernando,Incorporated City,City of San Fernando,77.0,71.5,82.5,3.7,small area estimate,66108330.46,36548.92329,79.6,77.4,81.8,1.4,66108330.46,36548.92329,,,,,376.0,298.2,453.9,10.6,66108330.46,36548.92329,70950.0,61301.0,80599.0,6.9,66108330.46,36548.92329,-9.857894736842098,-1.13333333333334,-20917.697368421053,36.0342105263158
60,csa_city_san_gabriel,Incorporated City,City of San Gabriel,93.2,90.7,95.6,1.3,small area estimate,115211437.2,96451.89613,84.3,82.6,86.0,1.0,115211437.2,96451.89613,,,,,192.4,149.2,235.6,11.5,115211437.2,96451.89613,84056.0,78848.0,89264.0,3.2,115211437.2,96451.89613,6.3421052631579045,3.566666666666663,-7811.697368421053,-147.5657894736842
61,csa_city_san_marino,Incorporated City,City of San Marino,,,,,,105008644.9,56678.57929,,,,,105008644.9,56678.57929,,,,,,,,,105008644.9,56678.57929,,,,,105008644.9,56678.57929,,,,
62,csa_city_santa_clarita,Incorporated City,City of Santa Clarita,89.0,86.3,91.7,1.5,small area estimate,2053437652.0,401512.9029,80.7,80.1,81.3,0.4,2053437652.0,401512.9029,,,,,154.5,138.4,170.6,5.3,2053437652.0,401512.9029,116186.0,112729.0,119643.0,1.5,2053437652.0,401512.9029,2.1421052631579016,-0.03333333333333144,24318.302631578947,-185.4657894736842
63,csa_city_santa_fe_springs,Incorporated City,City of Santa Fe Springs,,,,,,247463254.2,157552.5909,,,,,247463254.2,157552.5909,,,,,,,,,247463254.2,157552.5909,,,,,247463254.2,157552.5909,,,,
64,csa_city_santa_monica,Incorporated City,City of Santa Monica,92.2,89.7,94.7,1.4,small area estimate,237691986.5,65949.98387,82.5,81.5,83.4,0.6,237691986.5,65949.98387,,,,,725.1,670.5,779.8,3.8,237691986.5,65949.98387,106797.0,97040.0,116554.0,4.7,237691986.5,65949.98387,5.3421052631579045,1.7666666666666657,14929.302631578947,385.1342105263158
65,csa_city_sierra_madre,Incorporated City,City of Sierra Madre,,,,,,82433009.15,40140.5977,,,,,82433009.15,40140.5977,,,,,,,,,82433009.15,40140.5977,,,,,82433009.15,40140.5977,,,,
66,csa_city_signal_hill,Incorporated City,City of Signal Hill,,,,,,61065731.17,56519.17071,,,,,61065731.17,56519.17071,,,,,,,,,61065731.17,56519.17071,,,,,61065731.17,56519.17071,,,,
67,csa_city_south_el_monte,Incorporated City,City of South El Monte,,,,,,79448691.79,61966.35046,,,,,79448691.79,61966.35046,,,,,,,,,79448691.79,61966.35046,,,,,79448691.79,61966.35046,,,,
68,csa_city_south_gate,Incorporated City,City of South Gate,87.6,84.8,90.3,1.6,small area estimate,204975048.6,102610.7336,81.0,79.8,82.2,0.8,204975048.6,102610.7336,,,,,638.8,587.4,690.3,4.1,204975048.6,102610.7336,67188.0,63995.0,70381.0,2.4,204975048.6,102610.7336,0.7421052631578959,0.2666666666666657,-24679.697368421053,298.83421052631576
69,csa_city_south_pasadena,Incorporated City,City of South Pasadena,93.2,91.3,95.1,1.0,small area estimate,95187401.25,43466.78342,83.2,81.3,85.2,1.2,95187401.25,43466.78342,,,,,113.8,73.5,154.1,18.1,95187401.25,43466.78342,127882.0,109367.0,146397.0,7.4,95187401.25,43466.78342,6.3421052631579045,2.4666666666666686,36014.30263157895,-226.16578947368419
70,csa_city_temple_city,Incorporated City,City of Temple City,94.1,92.3,95.9,1.0,small area estimate,112232462.7,60506.14061,82.7,81.4,84.0,0.8,112232462.7,60506.14061,,,,,160.6,119.5,201.8,13.1,112232462.7,60506.14061,95263.0,88606.0,101920.0,3.6,112232462.7,60506.14061,7.242105263157896,1.9666666666666686,3395.3026315789466,-179.3657894736842
71,csa_city_torrance,Incorporated City,City of Torrance,92.7,90.6,94.8,1.1,small area estimate,573283827.7,140225.6111,81.8,81.0,82.6,0.5,573283827.7,140225.6111,,,,,203.8,180.7,226.9,5.8,573283827.7,140225.6111,109554.0,104020.0,115088.0,2.6,573283827.7,140225.6111,5.8421052631579045,1.0666666666666629,17686.302631578947,-136.16578947368419
72,csa_city_vernon,Incorporated City,City of Vernon,,,,,,143639793.2,84910.44975,,,,,143639793.2,84910.44975,,,,,,,,,143639793.2,84910.44975,,,,,143639793.2,84910.44975,,,,
73,csa_city_walnut,Incorporated City,City of Walnut,96.7,95.4,98.1,0.7,small area estimate,250361037.1,91589.55135,84.6,82.8,86.4,1.1,250361037.1,91589.55135,,,,,105.0,67.4,142.6,18.3,250361037.1,91589.55135,130444.0,117296.0,143592.0,5.1,250361037.1,91589.55135,9.842105263157904,3.86666666666666,38576.30263157895,-234.9657894736842
74,csa_city_west_covina,Incorporated City,City of West Covina,88.1,85.6,90.6,1.4,small area estimate,447990104.1,204531.2604,82.2,81.3,83.2,0.6,447990104.1,204531.2604,,,,,276.0,244.9,307.1,5.7,447990104.1,204531.2604,96219.0,92438.0,100000.0,2.0,447990104.1,204531.2604,1.242105263157896,1.4666666666666686,4351.302631578947,-63.9657894736842
75,csa_city_west_hollywood,Incorporated City,City of West Hollywood,85.3,80.7,89.8,2.7,small area estimate,52835243.77,57010.57522,83.3,81.4,85.2,1.2,52835243.77,57010.57522,,,,,470.3,399.1,541.6,7.7,52835243.77,57010.57522,89034.0,80141.0,97927.0,5.1,52835243.77,57010.57522,-1.5578947368421012,2.566666666666663,-2833.6973684210534,130.33421052631581
76,csa_city_westlake_village,Incorporated City,City of Westlake Village,,,,,,153379909.6,64466.77724,,,,,153379909.6,64466.77724,,,,,,,,,153379909.6,64466.77724,,,,,153379909.6,64466.77724,,,,
77,csa_city_whittier,Incorporated City,City of Whittier,93.0,90.8,95.2,1.2,small area estimate,408726582.4,163420.3622,79.3,78.4,80.3,0.6,408726582.4,163420.3622,,,,,263.6,229.5,297.6,6.6,408726582.4,163420.3622,89686.0,84526.0,94846.0,2.9,408726582.4,163420.3622,6.142105263157902,-1.4333333333333371,-2181.6973684210534,-76.36578947368417
78,csa_city_bradbury,Incorporated City,City of Bradbury,,,,,,54647076.64,38934.98065,,,,,54647076.64,38934.98065,,,,,,,,,54647076.64,38934.98065,,,,,54647076.64,38934.98065,,,,
79,csa_city_monrovia,Incorporated City,City of Monrovia,88.8,86.3,91.2,1.4,small area estimate,382542678.9,144169.0257,80.3,78.7,81.8,1.0,382542678.9,144169.0257,,,,,199.7,154.8,244.6,11.5,382542678.9,144169.0257,93827.0,86308.0,101346.0,4.1,382542678.9,144169.0257,1.9421052631578988,-0.4333333333333371,1959.3026315789466,-140.2657894736842
80,csa_city_diamond_bar,Incorporated City,City of Diamond Bar,95.8,94.3,97.3,0.8,small area estimate,414908041.4,110699.2356,84.4,83.2,85.6,0.7,414908041.4,110699.2356,,,,,103.4,76.6,130.2,13.2,414908041.4,110699.2356,106881.0,99751.0,114011.0,3.4,414908041.4,110699.2356,8.942105263157899,3.6666666666666714,15013.302631578947,-236.5657894736842
81,csa_city_pomona,Incorporated City,City of Pomona,80.9,77.1,84.7,2.4,small area estimate,640980605.1,163087.7136,78.3,77.4,79.1,0.6,640980605.1,163087.7136,,,,,577.2,538.9,615.4,3.4,640980605.1,163087.7136,73515.0,69543.0,77487.0,2.8,640980605.1,163087.7136,-5.957894736842093,-2.433333333333337,-18352.697368421053,237.23421052631585
82,csa_city_rancho_palos_verdes,Incorporated City,City of Rancho Palos Verdes,95.4,93.4,97.4,1.1,small area estimate,376913902.9,206645.3591,82.5,80.8,84.1,1.0,376913902.9,206645.3591,,,,,78.6,51.9,105.3,17.4,376913902.9,206645.3591,166747.0,154062.0,179432.0,3.9,376913902.9,206645.3591,8.542105263157907,1.7666666666666657,74879.30263157895,-261.36578947368423
83,csa_city_avalon,Incorporated City,City of Avalon,,,,,,80339329.7,57467.57456,,,,,80339329.7,57467.57456,,,,,,,,,80339329.7,57467.57456,,,,,80339329.7,57467.57456,,,,
84,csa_city_rolling_hills_estates,Incorporated City,City of Rolling Hills Estates,,,,,,100255529.2,122697.3841,,,,,100255529.2,122697.3841,,,,,,,,,100255529.2,122697.3841,,,,,100255529.2,122697.3841,,,,
85,csa_city_rolling_hills,Incorporated City,City of Rolling Hills,,,,,,83379640.97,48172.7996,,,,,83379640.97,48172.7996,,,,,,,,,83379640.97,48172.7996,,,,,83379640.97,48172.7996,,,,
86,csa_city_palos_verdes_estates,Incorporated City,City of Palos Verdes Estates,,,,,,133376180.0,72485.99462,,,,,133376180.0,72485.99462,,,,,,,,,133376180.0,72485.99462,,,,,133376180.0,72485.99462,,,,
87,csa_city_malibu,Incorporated City,City of Malibu,,,,,,549214512.4,251806.9609,,,,,549214512.4,251806.9609,,,,,,,,,549214512.4,251806.9609,,,,,549214512.4,251806.9609,,,,
227,csa_unincorp_acton,Unincorporated Los Angeles County,Unincorporated - Acton,,,,,,1747931377.0,246388.9573,,,,,1747931377.0,246388.9573,,,,,,,,,1747931377.0,246388.9573,,,,,1747931377.0,246388.9573,,,,
228,csa_unincorp_agua_dulce,Unincorporated Los Angeles County,Unincorporated - Agua Dulce,,,,,,1195019279.0,217245.8647,,,,,1195019279.0,217245.8647,,,,,,,,,1195019279.0,217245.8647,,,,,1195019279.0,217245.8647,,,,
229,csa_unincorp_altadena,Unincorporated Los Angeles County,Unincorporated - Altadena,88.6,85.8,91.5,1.7,small area estimate,244123866.8,97879.6253,82.1,80.7,83.6,0.9,244123866.8,97879.6253,,,,,149.7,113.0,186.4,12.5,244123866.8,97879.6253,132447.0,119110.0,145784.0,5.1,244123866.8,97879.6253,1.742105263157896,1.36666666666666,40579.30263157895,-190.2657894736842
230,csa_unincorp_anaverde,Unincorporated Los Angeles County,Unincorporated - Anaverde,,,,,,330519637.8,97356.26014,,,,,330519637.8,97356.26014,,,,,,,,,330519637.8,97356.26014,,,,,330519637.8,97356.26014,,,,
231,csa_unincorp_angeles_national_forest,Unincorporated Los Angeles County,Unincorporated - Angeles National Forest,,,,,,19267413572.0,949856.8002,,,,,19267413572.0,949856.8002,,,,,,,,,19267413572.0,949856.8002,,,,,19267413572.0,949856.8002,,,,
232,csa_unincorp_arcadia,Unincorporated Los Angeles County,Unincorporated - Arcadia,,,,,,25328675.95,35960.64019,,,,,25328675.95,35960.64019,,,,,,,,,25328675.95,35960.64019,,,,,25328675.95,35960.64019,,,,
233,csa_unincorp_athens_westmont,Unincorporated Los Angeles County,Unincorporated - Athens-Westmont,66.9,59.4,74.5,5.8,small area estimate,88748915.74,55016.82067,74.8,73.1,76.4,1.1,88748915.74,55016.82067,,,,,797.8,713.8,881.8,5.4,88748915.74,55016.82067,57499.0,50577.0,64421.0,6.1,88748915.74,55016.82067,-19.957894736842093,-5.933333333333337,-34368.69736842105,457.83421052631576
234,csa_unincorp_athens_village,Unincorporated Los Angeles County,Unincorporated - Athens Village,,,,,,12568701.34,15767.0686,,,,,12568701.34,15767.0686,,,,,,,,,12568701.34,15767.0686,,,,,12568701.34,15767.0686,,,,
235,csa_unincorp_avocado_heights,Unincorporated Los Angeles County,Unincorporated - Avocado Heights,,,,,,34588444.85,56792.55295,,,,,34588444.85,56792.55295,,,,,,,,,34588444.85,56792.55295,,,,,34588444.85,56792.55295,,,,
236,csa_unincorp_azusa,Unincorporated Los Angeles County,Unincorporated - Azusa,,,,,,43848427.72,95317.70762,,,,,43848427.72,95317.70762,,,,,,,,,43848427.72,95317.70762,,,,,43848427.72,95317.70762,,,,
237,csa_unincorp_bandini_islands,Unincorporated Los Angeles County,Unincorporated - Bandini Islands,,,,,,1337333.311,12372.92013,,,,,1337333.311,12372.92013,,,,,,,,,1337333.311,12372.92013,,,,,1337333.311,12372.92013,,,,
238,csa_unincorp_bassett,Unincorporated Los Angeles County,Unincorporated - Bassett,,,,,,34401641.29,49744.90765,,,,,34401641.29,49744.90765,,,,,,,,,34401641.29,49744.90765,,,,,34401641.29,49744.90765,,,,
239,csa_unincorp_bouquet_canyon,Unincorporated Los Angeles County,Unincorporated - Bouquet Canyon,,,,,,778146145.9,167396.1803,,,,,778146145.9,167396.1803,,,,,,,,,778146145.9,167396.1803,,,,,778146145.9,167396.1803,,,,
240,csa_unincorp_bradbury,Unincorporated Los Angeles County,Unincorporated - Bradbury,,,,,,822758.6211,4085.335446,,,,,822758.6211,4085.335446,,,,,,,,,822758.6211,4085.335446,,,,,822758.6211,4085.335446,,,,
241,csa_unincorp_canyon_country,Unincorporated Los Angeles County,Unincorporated - Canyon Country,,,,,,165276723.9,101506.3242,,,,,165276723.9,101506.3242,,,,,,,,,165276723.9,101506.3242,,,,,165276723.9,101506.3242,,,,
242,csa_unincorp_castaic,Unincorporated Los Angeles County,Unincorporated - Castaic,92.1,89.8,94.4,1.3,small area estimate,8423094460.0,578909.0928,82.6,80.8,84.4,1.1,8423094460.0,578909.0928,,,,,84.2,49.3,119.1,21.1,8423094460.0,578909.0928,110564.0,101882.0,119246.0,4.0,8423094460.0,578909.0928,5.242105263157896,1.86666666666666,18696.302631578947,-255.7657894736842
243,csa_unincorp_cerritos,Unincorporated Los Angeles County,Unincorporated - Cerritos,,,,,,843088.7744,3993.156887,,,,,843088.7744,3993.156887,,,,,,,,,843088.7744,3993.156887,,,,,843088.7744,3993.156887,,,,
244,csa_unincorp_charter_oak,Unincorporated Los Angeles County,Unincorporated - Charter Oak,,,,,,308383.7051,4334.040561,,,,,308383.7051,4334.040561,,,,,,,,,308383.7051,4334.040561,,,,,308383.7051,4334.040561,,,,
245,csa_unincorp_claremont,Unincorporated Los Angeles County,Unincorporated - Claremont,,,,,,27888892.79,48271.31951,,,,,27888892.79,48271.31951,,,,,,,,,27888892.79,48271.31951,,,,,27888892.79,48271.31951,,,,
246,csa_unincorp_covina,Unincorporated Los Angeles County,Unincorporated - Covina,,,,,,107495631.3,128155.36,,,,,107495631.3,128155.36,,,,,,,,,107495631.3,128155.36,,,,,107495631.3,128155.36,,,,
247,csa_unincorp_covina,Unincorporated Los Angeles County,Unincorporated - Covina (Charter Oak),,,,,,36590585.04,100016.7019,,,,,36590585.04,100016.7019,,,,,,,,,36590585.04,100016.7019,,,,,36590585.04,100016.7019,,,,
248,csa_unincorp_del_aire,Unincorporated Los Angeles County,Unincorporated - Del Aire,,,,,,15439994.78,17350.9932,,,,,15439994.78,17350.9932,,,,,,,,,15439994.78,17350.9932,,,,,15439994.78,17350.9932,,,,
249,csa_unincorp_del_rey,Unincorporated Los Angeles County,Unincorporated - Del Rey,,,,,,1353153.926,5303.655319,,,,,1353153.926,5303.655319,,,,,,,,,1353153.926,5303.655319,,,,,1353153.926,5303.655319,,,,
250,csa_unincorp_del_sur,Unincorporated Los Angeles County,Unincorporated - Del Sur,,,,,,947241620.2,360761.7741,,,,,947241620.2,360761.7741,,,,,,,,,947241620.2,360761.7741,,,,,947241620.2,360761.7741,,,,
251,csa_unincorp_desert_view_highlands,Unincorporated Los Angeles County,Unincorporated - Desert View Highlands,,,,,,12359061.32,24357.68337,,,,,12359061.32,24357.68337,,,,,,,,,12359061.32,24357.68337,,,,,12359061.32,24357.68337,,,,
252,csa_unincorp_duarte,Unincorporated Los Angeles County,Unincorporated - Duarte,,,,,,9844019.625,15381.60314,,,,,9844019.625,15381.60314,,,,,,,,,9844019.625,15381.60314,,,,,9844019.625,15381.60314,,,,
253,csa_unincorp_east_covina,Unincorporated Los Angeles County,Unincorporated - East Covina,,,,,,10429326.66,22627.0163,,,,,10429326.66,22627.0163,,,,,,,,,10429326.66,22627.0163,,,,,10429326.66,22627.0163,,,,
254,csa_unincorp_east_la_mirada,Unincorporated Los Angeles County,Unincorporated - East La Mirada,,,,,,18015709.7,19143.13971,,,,,18015709.7,19143.13971,,,,,,,,,18015709.7,19143.13971,,,,,18015709.7,19143.13971,,,,
255,csa_unincorp_east_lancaster,Unincorporated Los Angeles County,Unincorporated - East Lancaster,,,,,,90886831.07,111434.5725,,,,,90886831.07,111434.5725,,,,,,,,,90886831.07,111434.5725,,,,,90886831.07,111434.5725,,,,
256,csa_unincorp_east_los_angeles,Unincorporated Los Angeles County,Unincorporated - East Los Angeles,84.2,81.2,87.2,1.8,small area estimate,207445964.9,87336.86871,79.1,78.0,80.2,0.7,207445964.9,87336.86871,,,,,472.8,433.7,511.9,4.2,207445964.9,87336.86871,64437.0,60452.0,68422.0,3.2,207445964.9,87336.86871,-2.6578947368420955,-1.63333333333334,-27430.697368421053,132.83421052631581
257,csa_unincorp_east_rancho_dominguez,Unincorporated Los Angeles County,Unincorporated - East Rancho Dominguez,,,,,,23018840.35,49789.98861,,,,,23018840.35,49789.98861,,,,,,,,,23018840.35,49789.98861,,,,,23018840.35,49789.98861,,,,
258,csa_unincorp_east_whittier,Unincorporated Los Angeles County,Unincorporated - East Whittier,,,,,,12561807.76,15638.15159,,,,,12561807.76,15638.15159,,,,,,,,,12561807.76,15638.15159,,,,,12561807.76,15638.15159,,,,
259,csa_unincorp_el_camino_village,Unincorporated Los Angeles County,Unincorporated - El Camino Village,,,,,,31861072.81,26619.19456,,,,,31861072.81,26619.19456,,,,,,,,,31861072.81,26619.19456,,,,,31861072.81,26619.19456,,,,
260,csa_unincorp_el_monte,Unincorporated Los Angeles County,Unincorporated - El Monte,,,,,,109350.8838,1635.059126,,,,,109350.8838,1635.059126,,,,,,,,,109350.8838,1635.059126,,,,,109350.8838,1635.059126,,,,
261,csa_unincorp_elizabeth_lake,Unincorporated Los Angeles County,Unincorporated - Elizabeth Lake,,,,,,248389615.9,100368.4438,,,,,248389615.9,100368.4438,,,,,,,,,248389615.9,100368.4438,,,,,248389615.9,100368.4438,,,,
262,csa_unincorp_florence_firestone,Unincorporated Los Angeles County,Unincorporated - Florence-Firestone,61.9,57.8,66.0,3.4,small area estimate,97260637.4,54670.84608,76.2,74.7,77.8,1.0,97260637.4,54670.84608,,,,,777.4,708.0,846.8,4.6,97260637.4,54670.84608,57402.0,52958.0,61846.0,4.0,97260637.4,54670.84608,-24.9578947368421,-4.533333333333331,-34465.69736842105,437.4342105263158
263,csa_unincorp_franklin_canyon,Unincorporated Los Angeles County,Unincorporated - Franklin Canyon,,,,,,4942249.864,11132.27042,,,,,4942249.864,11132.27042,,,,,,,,,4942249.864,11132.27042,,,,,4942249.864,11132.27042,,,,
264,csa_unincorp_glendora,Unincorporated Los Angeles County,Unincorporated - Glendora,,,,,,15542272.97,47075.33932,,,,,15542272.97,47075.33932,,,,,,,,,15542272.97,47075.33932,,,,,15542272.97,47075.33932,,,,
265,csa_unincorp_hacienda_heights,Unincorporated Los Angeles County,Unincorporated - Hacienda Heights,94.9,93.2,96.7,1.0,small area estimate,338789855.5,101920.8041,81.4,79.9,82.9,0.9,338789855.5,101920.8041,,,,,152.8,119.8,185.8,11.0,338789855.5,101920.8041,104081.0,97051.0,111112.0,3.4,338789855.5,101920.8041,8.042105263157907,0.6666666666666714,12213.302631578947,-187.16578947368419
266,csa_unincorp_harbor_gateway,Unincorporated Los Angeles County,Unincorporated - Harbor Gateway,,,,,,2500538.357,9192.38893,,,,,2500538.357,9192.38893,,,,,,,,,2500538.357,9192.38893,,,,,2500538.357,9192.38893,,,,
267,csa_unincorp_hawthorne,Unincorporated Los Angeles County,Unincorporated - Hawthorne,,,,,,3321496.177,8004.299978,,,,,3321496.177,8004.299978,,,,,,,,,3321496.177,8004.299978,,,,,3321496.177,8004.299978,,,,
268,csa_unincorp_hi_vista,Unincorporated Los Angeles County,Unincorporated - Hi Vista,,,,,,4743128968.0,321199.9552,,,,,4743128968.0,321199.9552,,,,,,,,,4743128968.0,321199.9552,,,,,4743128968.0,321199.9552,,,,
269,csa_unincorp_kagel_lopez_canyons,Unincorporated Los Angeles County,Unincorporated - Kagel/Lopez Canyons,,,,,,243850946.7,139605.4861,,,,,243850946.7,139605.4861,,,,,,,,,243850946.7,139605.4861,,,,,243850946.7,139605.4861,,,,
270,csa_unincorp_la_crescenta_montrose,Unincorporated Los Angeles County,Unincorporated - La Crescenta-Montrose,,,,,,95896575.55,55629.82798,,,,,95896575.55,55629.82798,,,,,,,,,95896575.55,55629.82798,,,,,95896575.55,55629.82798,,,,
271,csa_unincorp_la_habra_heights,Unincorporated Los Angeles County,Unincorporated - La Habra Heights,,,,,,4152122.308,9340.186569,,,,,4152122.308,9340.186569,,,,,,,,,4152122.308,9340.186569,,,,,4152122.308,9340.186569,,,,
272,csa_unincorp_la_verne,Unincorporated Los Angeles County,Unincorporated - La Verne,,,,,,84920564.31,75255.29927,,,,,84920564.31,75255.29927,,,,,,,,,84920564.31,75255.29927,,,,,84920564.31,75255.29927,,,,
273,csa_unincorp_ladera_heights,Unincorporated Los Angeles County,Unincorporated - Ladera Heights,,,,,,82401547.18,61773.06472,,,,,82401547.18,61773.06472,,,,,,,,,82401547.18,61773.06472,,,,,82401547.18,61773.06472,,,,
274,csa_unincorp_lake_hughes,Unincorporated Los Angeles County,Unincorporated - Lake Hughes,,,,,,266405309.8,107739.5158,,,,,266405309.8,107739.5158,,,,,,,,,266405309.8,107739.5158,,,,,266405309.8,107739.5158,,,,
275,csa_unincorp_lake_los_angeles,Unincorporated Los Angeles County,Unincorporated - Lake Los Angeles,,,,,,1265822945.0,187364.1407,,,,,1265822945.0,187364.1407,,,,,,,,,1265822945.0,187364.1407,,,,,1265822945.0,187364.1407,,,,
276,csa_unincorp_lake_manor,Unincorporated Los Angeles County,Unincorporated - Lake Manor,,,,,,15266439.71,28934.02612,,,,,15266439.71,28934.02612,,,,,,,,,15266439.71,28934.02612,,,,,15266439.71,28934.02612,,,,
277,csa_unincorp_lakewood,Unincorporated Los Angeles County,Unincorporated - Lakewood,,,,,,985687.8008,5929.337369,,,,,985687.8008,5929.337369,,,,,,,,,985687.8008,5929.337369,,,,,985687.8008,5929.337369,,,,
278,csa_unincorp_leona_valley,Unincorporated Los Angeles County,Unincorporated - Leona Valley,,,,,,615796163.5,185562.6197,,,,,615796163.5,185562.6197,,,,,,,,,615796163.5,185562.6197,,,,,615796163.5,185562.6197,,,,
279,csa_unincorp_littlerock,Unincorporated Los Angeles County,Unincorporated - Littlerock,,,,,,93685477.94,49434.0117,,,,,93685477.94,49434.0117,,,,,,,,,93685477.94,49434.0117,,,,,93685477.94,49434.0117,,,,
280,csa_unincorp_littlerock_juniper_hills,Unincorporated Los Angeles County,Unincorporated - Littlerock/Juniper Hills,,,,,,981372321.2,196965.2982,,,,,981372321.2,196965.2982,,,,,,,,,981372321.2,196965.2982,,,,,981372321.2,196965.2982,,,,
281,csa_unincorp_littlerock_pearblossom,Unincorporated Los Angeles County,Unincorporated - Littlerock/Pearblossom,,,,,,687633163.3,125688.521,,,,,687633163.3,125688.521,,,,,,,,,687633163.3,125688.521,,,,,687633163.3,125688.521,,,,
282,csa_unincorp_llano,Unincorporated Los Angeles County,Unincorporated - Llano,,,,,,2582397413.0,236007.8673,,,,,2582397413.0,236007.8673,,,,,,,,,2582397413.0,236007.8673,,,,,2582397413.0,236007.8673,,,,
283,csa_unincorp_long_beach,Unincorporated Los Angeles County,Unincorporated - Long Beach,,,,,,4117995.141,10834.95789,,,,,4117995.141,10834.95789,,,,,,,,,4117995.141,10834.95789,,,,,4117995.141,10834.95789,,,,
284,csa_unincorp_lynwood,Unincorporated Los Angeles County,Unincorporated - Lynwood,,,,,,3631735.695,10655.13878,,,,,3631735.695,10655.13878,,,,,,,,,3631735.695,10655.13878,,,,,3631735.695,10655.13878,,,,
285,csa_unincorp_miracle_mile,Unincorporated Los Angeles County,Unincorporated - Miracle Mile,,,,,,27999.91992,760.000029,,,,,27999.91992,760.000029,,,,,,,,,27999.91992,760.000029,,,,,27999.91992,760.000029,,,,
286,csa_unincorp_monrovia,Unincorporated Los Angeles County,Unincorporated - Monrovia,,,,,,11228348.37,23813.61558,,,,,11228348.37,23813.61558,,,,,,,,,11228348.37,23813.61558,,,,,11228348.37,23813.61558,,,,
287,csa_unincorp_newhall,Unincorporated Los Angeles County,Unincorporated - Newhall,,,,,,35923948.89,37297.26955,,,,,35923948.89,37297.26955,,,,,,,,,35923948.89,37297.26955,,,,,35923948.89,37297.26955,,,,
288,csa_unincorp_north_lancaster,Unincorporated Los Angeles County,Unincorporated - North Lancaster,,,,,,1263909604.0,218775.1468,,,,,1263909604.0,218775.1468,,,,,,,,,1263909604.0,218775.1468,,,,,1263909604.0,218775.1468,,,,
289,csa_unincorp_north_whittier,Unincorporated Los Angeles County,Unincorporated - North Whittier,,,,,,35900925.15,35228.67956,,,,,35900925.15,35228.67956,,,,,,,,,35900925.15,35228.67956,,,,,35900925.15,35228.67956,,,,
290,csa_unincorp_northeast_san_gabriel,Unincorporated Los Angeles County,Unincorporated - Northeast San Gabriel,93.0,91.0,95.1,1.1,small area estimate,61103908.28,87875.45934,83.8,82.0,85.6,1.1,61103908.28,87875.45934,,,,,70.6,36.2,105.0,24.8,61103908.28,87875.45934,95675.0,85823.0,105526.0,5.3,61103908.28,87875.45934,6.142105263157902,3.066666666666663,3807.3026315789466,-269.36578947368423
291,csa_unincorp_padua_hills,Unincorporated Los Angeles County,Unincorporated - Padua Hills,,,,,,2075939.836,9409.515683,,,,,2075939.836,9409.515683,,,,,,,,,2075939.836,9409.515683,,,,,2075939.836,9409.515683,,,,
292,csa_unincorp_palmdale,Unincorporated Los Angeles County,Unincorporated - Palmdale,,,,,,733069233.0,164933.7186,,,,,733069233.0,164933.7186,,,,,,,,,733069233.0,164933.7186,,,,,733069233.0,164933.7186,,,,
293,csa_unincorp_pearblossom_llano,Unincorporated Los Angeles County,Unincorporated - Pearblossom/Llano,,,,,,462365546.2,116529.4989,,,,,462365546.2,116529.4989,,,,,,,,,462365546.2,116529.4989,,,,,462365546.2,116529.4989,,,,
294,csa_unincorp_pellissier_village,Unincorporated Los Angeles County,Unincorporated - Pellissier Village,,,,,,8793112.55,15692.3791,,,,,8793112.55,15692.3791,,,,,,,,,8793112.55,15692.3791,,,,,8793112.55,15692.3791,,,,
295,csa_unincorp_placerita_canyon,Unincorporated Los Angeles County,Unincorporated - Placerita Canyon,,,,,,47991908.63,38416.72077,,,,,47991908.63,38416.72077,,,,,,,,,47991908.63,38416.72077,,,,,47991908.63,38416.72077,,,,
296,csa_unincorp_pomona,Unincorporated Los Angeles County,Unincorporated - Pomona,,,,,,32847646.08,42540.55026,,,,,32847646.08,42540.55026,,,,,,,,,32847646.08,42540.55026,,,,,32847646.08,42540.55026,,,,
297,csa_unincorp_quartz_hill,Unincorporated Los Angeles County,Unincorporated - Quartz Hill,,,,,,113624294.6,96748.02826,,,,,113624294.6,96748.02826,,,,,,,,,113624294.6,96748.02826,,,,,113624294.6,96748.02826,,,,
298,csa_unincorp_rancho_dominguez,Unincorporated Los Angeles County,Unincorporated - Rancho Dominguez,,,,,,75301045.1,41412.45471,,,,,75301045.1,41412.45471,,,,,,,,,75301045.1,41412.45471,,,,,75301045.1,41412.45471,,,,
299,csa_unincorp_roosevelt,Unincorporated Los Angeles County,Unincorporated - Roosevelt,,,,,,1548670760.0,176707.4344,,,,,1548670760.0,176707.4344,,,,,,,,,1548670760.0,176707.4344,,,,,1548670760.0,176707.4344,,,,
300,csa_unincorp_rosewood,Unincorporated Los Angeles County,Unincorporated - Rosewood,,,,,,2920804.992,7454.848623,,,,,2920804.992,7454.848623,,,,,,,,,2920804.992,7454.848623,,,,,2920804.992,7454.848623,,,,
301,csa_unincorp_rosewood_east_gardena,Unincorporated Los Angeles County,Unincorporated - Rosewood/East Gardena,,,,,,27910549.34,21457.95645,,,,,27910549.34,21457.95645,,,,,,,,,27910549.34,21457.95645,,,,,27910549.34,21457.95645,,,,
302,csa_unincorp_rosewood_west_rancho_dominguez,Unincorporated Los Angeles County,Unincorporated - Rosewood/West Rancho Dominguez,,,,,,12928298.57,15582.17009,,,,,12928298.57,15582.17009,,,,,,,,,12928298.57,15582.17009,,,,,12928298.57,15582.17009,,,,
303,csa_unincorp_rowland_heights,Unincorporated Los Angeles County,Unincorporated - Rowland Heights,95.3,93.1,97.5,1.2,small area estimate,528064171.2,166251.821,81.4,80.0,82.8,0.9,528064171.2,166251.821,,,,,215.0,173.7,256.3,9.8,528064171.2,166251.821,96241.0,88355.0,104127.0,4.2,528064171.2,166251.821,8.442105263157899,0.6666666666666714,4373.302631578947,-124.9657894736842
304,csa_unincorp_san_francisquito_canyon_bouquet_canyon,Unincorporated Los Angeles County,Unincorporated - San Francisquito Canyon/Bouquet Canyon,,,,,,1742100392.0,281054.2918,,,,,1742100392.0,281054.2918,,,,,,,,,1742100392.0,281054.2918,,,,,1742100392.0,281054.2918,,,,
305,csa_unincorp_san_jose_hills,Unincorporated Los Angeles County,Unincorporated - San Jose Hills,,,,,,42055863.64,45350.16217,,,,,42055863.64,45350.16217,,,,,,,,,42055863.64,45350.16217,,,,,42055863.64,45350.16217,,,,
306,csa_unincorp_san_pasqual,Unincorporated Los Angeles County,Unincorporated - San Pasqual,,,,,,7135797.439,13947.66037,,,,,7135797.439,13947.66037,,,,,,,,,7135797.439,13947.66037,,,,,7135797.439,13947.66037,,,,
307,csa_unincorp_sand_canyon,Unincorporated Los Angeles County,Unincorporated - Sand Canyon,,,,,,7408829.003,14262.32236,,,,,7408829.003,14262.32236,,,,,,,,,7408829.003,14262.32236,,,,,7408829.003,14262.32236,,,,
308,csa_unincorp_santa_monica_mountains,Unincorporated Los Angeles County,Unincorporated - Santa Monica Mountains,,,,,,3167933071.0,479520.4497,,,,,3167933071.0,479520.4497,,,,,,,,,3167933071.0,479520.4497,,,,,3167933071.0,479520.4497,,,,
309,csa_unincorp_saugus,Unincorporated Los Angeles County,Unincorporated - Saugus,,,,,,52787357.09,52300.27772,,,,,52787357.09,52300.27772,,,,,,,,,52787357.09,52300.27772,,,,,52787357.09,52300.27772,,,,
310,csa_unincorp_saugus_canyon_country,Unincorporated Los Angeles County,Unincorporated - Saugus/Canyon Country,,,,,,135788472.9,68876.17259,,,,,135788472.9,68876.17259,,,,,,,,,135788472.9,68876.17259,,,,,135788472.9,68876.17259,,,,
311,csa_unincorp_south_antelope_valley,Unincorporated Los Angeles County,Unincorporated - South Antelope Valley,,,,,,313370382.1,112242.9588,,,,,313370382.1,112242.9588,,,,,,,,,313370382.1,112242.9588,,,,,313370382.1,112242.9588,,,,
312,csa_unincorp_south_edwards,Unincorporated Los Angeles County,Unincorporated - South Edwards,,,,,,2078932197.0,273111.939,,,,,2078932197.0,273111.939,,,,,,,,,2078932197.0,273111.939,,,,,2078932197.0,273111.939,,,,
313,csa_unincorp_south_el_monte,Unincorporated Los Angeles County,Unincorporated - South El Monte,,,,,,3632134.655,8765.318379,,,,,3632134.655,8765.318379,,,,,,,,,3632134.655,8765.318379,,,,,3632134.655,8765.318379,,,,
314,csa_unincorp_south_san_gabriel,Unincorporated Los Angeles County,Unincorporated - South San Gabriel,,,,,,39508075.65,58349.35698,,,,,39508075.65,58349.35698,,,,,,,,,39508075.65,58349.35698,,,,,39508075.65,58349.35698,,,,
315,csa_unincorp_south_whittier,Unincorporated Los Angeles County,Unincorporated - South Whittier,93.0,90.9,95.0,1.1,small area estimate,149155948.9,77149.3792,79.6,78.3,81.0,0.9,149155948.9,77149.3792,,,,,188.5,152.7,224.3,9.7,149155948.9,77149.3792,98016.0,91819.0,104212.0,3.2,149155948.9,77149.3792,6.142105263157902,-1.13333333333334,6148.302631578947,-151.4657894736842
316,csa_unincorp_southeast_antelope_valley,Unincorporated Los Angeles County,Unincorporated - Southeast Antelope Valley,,,,,,122088326.4,66116.69448,,,,,122088326.4,66116.69448,,,,,,,,,122088326.4,66116.69448,,,,,122088326.4,66116.69448,,,,
317,csa_unincorp_stevenson_ranch,Unincorporated Los Angeles County,Unincorporated - Stevenson Ranch,93.8,91.4,96.2,1.3,small area estimate,1192509036.0,179210.4433,84.4,82.1,86.8,1.4,1192509036.0,179210.4433,,,,,96.3,54.3,138.4,22.2,1192509036.0,179210.4433,148208.0,123189.0,173227.0,8.6,1192509036.0,179210.4433,6.942105263157899,3.6666666666666714,56340.30263157895,-243.66578947368419
318,csa_unincorp_sun_village,Unincorporated Los Angeles County,Unincorporated - Sun Village,,,,,,310557090.9,86559.33955,,,,,310557090.9,86559.33955,,,,,,,,,310557090.9,86559.33955,,,,,310557090.9,86559.33955,,,,
319,csa_unincorp_sunrise_village,Unincorporated Los Angeles County,Unincorporated - Sunrise Village,,,,,,3193782.591,7924.983023,,,,,3193782.591,7924.983023,,,,,,,,,3193782.591,7924.983023,,,,,3193782.591,7924.983023,,,,
320,csa_unincorp_twin_lakes_oat_mountain,Unincorporated Los Angeles County,Unincorporated - Twin Lakes/Oat Mountain,,,,,,556636490.0,136614.5436,,,,,556636490.0,136614.5436,,,,,,,,,556636490.0,136614.5436,,,,,556636490.0,136614.5436,,,,
321,csa_unincorp_universal_city,Unincorporated Los Angeles County,Unincorporated - Universal City,,,,,,14217113.07,19224.87546,,,,,14217113.07,19224.87546,,,,,,,,,14217113.07,19224.87546,,,,,14217113.07,19224.87546,,,,
322,csa_unincorp_val_verde,Unincorporated Los Angeles County,Unincorporated - Val Verde,,,,,,503715764.8,106228.8017,,,,,503715764.8,106228.8017,,,,,,,,,503715764.8,106228.8017,,,,,503715764.8,106228.8017,,,,
323,csa_unincorp_valinda,Unincorporated Los Angeles County,Unincorporated - Valinda,80.9,76.6,85.1,2.7,small area estimate,56559115.87,53029.14514,80.0,77.8,82.2,1.4,56559115.87,53029.14514,,,,,121.6,75.9,167.3,19.2,56559115.87,53029.14514,99260.0,88184.0,110337.0,5.7,56559115.87,53029.14514,-5.957894736842093,-0.7333333333333343,7392.302631578947,-218.3657894736842
324,csa_unincorp_view_park_windsor_hills,Unincorporated Los Angeles County,Unincorporated - View Park/Windsor Hills,,,,,,51654041.16,36473.83495,,,,,51654041.16,36473.83495,,,,,,,,,51654041.16,36473.83495,,,,,51654041.16,36473.83495,,,,
325,csa_unincorp_walnut_park,Unincorporated Los Angeles County,Unincorporated - Walnut Park,,,,,,20867318.02,23856.96194,,,,,20867318.02,23856.96194,,,,,,,,,20867318.02,23856.96194,,,,,20867318.02,23856.96194,,,,
326,csa_unincorp_west_antelope_valley,Unincorporated Los Angeles County,Unincorporated - West Antelope Valley,,,,,,6420997804.0,567543.7027,,,,,6420997804.0,567543.7027,,,,,,,,,6420997804.0,567543.7027,,,,,6420997804.0,567543.7027,,,,
327,csa_unincorp_west_carson,Unincorporated Los Angeles County,Unincorporated - West Carson,92.1,89.8,94.4,1.3,small area estimate,69126891.1,58038.57984,80.8,78.4,83.1,1.5,69126891.1,58038.57984,,,,,240.9,177.2,304.6,13.5,69126891.1,58038.57984,91513.0,76532.0,106494.0,8.4,69126891.1,58038.57984,5.242105263157896,0.06666666666666288,-354.6973684210534,-99.06578947368419
328,csa_unincorp_west_chatsworth,Unincorporated Los Angeles County,Unincorporated - West Chatsworth,,,,,,38709719.64,37475.86597,,,,,38709719.64,37475.86597,,,,,,,,,38709719.64,37475.86597,,,,,38709719.64,37475.86597,,,,
329,csa_unincorp_west_la,Unincorporated Los Angeles County,Unincorporated - West LA,,,,,,25141186.11,29539.95779,,,,,25141186.11,29539.95779,,,,,,,,,25141186.11,29539.95779,,,,,25141186.11,29539.95779,,,,
330,csa_unincorp_west_puente_valley,Unincorporated Los Angeles County,Unincorporated - West Puente Valley,,,,,,22022481.22,25813.86141,,,,,22022481.22,25813.86141,,,,,,,,,22022481.22,25813.86141,,,,,22022481.22,25813.86141,,,,
331,csa_unincorp_west_rancho_dominguez,Unincorporated Los Angeles County,Unincorporated - West Rancho Dominguez,,,,,,5118699.355,10403.52666,,,,,5118699.355,10403.52666,,,,,,,,,5118699.355,10403.52666,,,,,5118699.355,10403.52666,,,,
332,csa_unincorp_west_whittier_los_nietos,Unincorporated Los Angeles County,Unincorporated - West Whittier/Los Nietos,92.0,89.7,94.3,1.3,small area estimate,72390428.09,73679.94447,77.3,75.4,79.2,1.3,72390428.09,73679.94447,,,,,153.8,106.5,201.1,15.7,72390428.09,73679.94447,87346.0,79579.0,95113.0,4.5,72390428.09,73679.94447,5.142105263157902,-3.433333333333337,-4521.697368421053,-186.16578947368419
333,csa_unincorp_westhills,Unincorporated Los Angeles County,Unincorporated - Westhills,,,,,,6196785.45,11680.00401,,,,,6196785.45,11680.00401,,,,,,,,,6196785.45,11680.00401,,,,,6196785.45,11680.00401,,,,
334,csa_unincorp_white_fence_farms,Unincorporated Los Angeles County,Unincorporated - White Fence Farms,,,,,,160302070.2,66613.11258,,,,,160302070.2,66613.11258,,,,,,,,,160302070.2,66613.11258,,,,,160302070.2,66613.11258,,,,
335,csa_unincorp_whittier,Unincorporated Los Angeles County,Unincorporated - Whittier,,,,,,133796554.5,89526.14308,,,,,133796554.5,89526.14308,,,,,,,,,133796554.5,89526.14308,,,,,133796554.5,89526.14308,,,,
336,csa_unincorp_whittier_narrows,Unincorporated Los Angeles County,Unincorporated - Whittier Narrows,,,,,,82963536.59,73795.16892,,,,,82963536.59,73795.16892,,,,,,,,,82963536.59,73795.16892,,,,,82963536.59,73795.16892,,,,
337,csa_unincorp_willowbrook,Unincorporated Los Angeles County,Unincorporated - Willowbrook,61.9,57.2,66.6,3.9,small area estimate,96155440.5,71626.61313,75.2,73.3,77.1,1.3,96155440.5,71626.61313,,,,,711.7,624.1,799.3,6.3,96155440.5,71626.61313,62005.0,51116.0,72894.0,9.0,96155440.5,71626.61313,-24.9578947368421,-5.533333333333331,-29862.697368421053,371.73421052631585
338,csa_unincorp_wiseburn,Unincorporated Los Angeles County,Unincorporated - Wiseburn,,,,,,12904383.17,18245.99062,,,,,12904383.17,18245.99062,,,,,,,,,12904383.17,18245.99062,,,,,12904383.17,18245.99062,,,,
339,csa_unincorp_walnut,Unincorporated Los Angeles County,Unincorporated - Walnut,,,,,,3848120.071,42294.56544,,,,,3848120.071,42294.56544,,,,,,,,,3848120.071,42294.56544,,,,,3848120.071,42294.56544,,,,
340,csa_unincorp_lennox,Unincorporated Los Angeles County,Unincorporated - Lennox,,,,,,30553215.37,33104.9009,,,,,30553215.37,33104.9009,,,,,,,,,30553215.37,33104.9009,,,,,30553215.37,33104.9009,,,,
341,csa_unincorp_westfield_academy_hills,Unincorporated Los Angeles County,Unincorporated - Westfield/Academy Hills,,,,,,14592671.88,17831.63027,,,,,14592671.88,17831.63027,,,,,,,,,14592671.88,17831.63027,,,,,14592671.88,17831.63027,,,,
342,csa_unincorp_marina_del_rey,Unincorporated Los Angeles County,Unincorporated - Marina del Rey,,,,,,24773351.74,71324.34895,,,,,24773351.74,71324.34895,,,,,,,,,24773351.74,71324.34895,,,,,24773351.74,71324.34895,,,,
343,csa_unincorp_la_rambla,Unincorporated Los Angeles County,Unincorporated - La Rambla,,,,,,5867160.39,14131.44114,,,,,5867160.39,14131.44114,,,,,,,,,5867160.39,14131.44114,,,,,5867160.39,14131.44114,,,,
344,csa_unincorp_palos_verdes_peninsula,Unincorporated Los Angeles County,Unincorporated - Palos Verdes Peninsula,,,,,,4631360.401,9338.433297,,,,,4631360.401,9338.433297,,,,,,,,,4631360.401,9338.433297,,,,,4631360.401,9338.433297,,,,
345,csa_unincorp_san_clemente_island,Unincorporated Los Angeles County,Unincorporated - San Clemente Island,,,,,,1573236841.0,389210.4344,,,,,1573236841.0,389210.4344,,,,,,,,,1573236841.0,389210.4344,,,,,1573236841.0,389210.4344,,,,
346,csa_unincorp_santa_catalina_island,Unincorporated Los Angeles County,Unincorporated - Santa Catalina Island,,,,,,1999368372.0,415797.178,,,,,1999368372.0,415797.178,,,,,,,,,1999368372.0,415797.178,,,,,1999368372.0,415797.178,,,,
347,csa_unincorp_kinneloa_mesa,Unincorporated Los Angeles County,Unincorporated - Kinneloa Mesa,,,,,,46820480.9,56562.90659,,,,,46820480.9,56562.90659,,,,,,,,,46820480.9,56562.90659,,,,,46820480.9,56562.90659,,,,
348,csa_unincorp_east_pasadena,Unincorporated Los Angeles County,Unincorporated - East Pasadena,,,,,,37146879.06,41021.87308,,,,,37146879.06,41021.87308,,,,,,,,,37146879.06,41021.87308,,,,,37146879.06,41021.87308,,,,
377,la_city,Incorporated City,City of Los Angeles,76.0,74.0,78.0,1.3,small area estimate,13190494161.0,1801593.406,80.4,80.3,80.6,0.1,13190494161.0,1801593.406,823.0,813.8,832.1,0.6,764.1,755.5,772.8,0.6,13190494161.0,1801593.406,76244.0,75317.0,77171.0,0.6,13190494161.0,1801593.406,-10.857894736842098,-0.3333333333333286,-15623.697368421053,424.1342105263158
